lambda,f1_mean,f1_std,d_mean,d_std,n_seeds
0.0,0.6362001022578885,0.0,0.11377723414158436,0.0,1
0.05,0.6346250877944648,0.0,0.11343699007317262,0.0,1
0.1,0.6308046156520399,0.0,0.11343699007317262,0.0,1
0.2,0.6275316387729267,0.0,0.11353972276473293,0.0,1
0.3,0.6231577596020603,0.0,0.11462476206060804,0.0,1
0.5,0.6057433770504403,0.0,0.11609104445955618,0.0,1
1.0,0.5755553232377643,0.0,0.11845329808395363,0.0,1
2.0,0.5567543413055914,0.0,0.12943139757578512,0.0,1
