Round,Bytes_Transmitted,Cumulative_MB
1,4202560,4.00787353515625
2,4202560,8.0157470703125
