{
  "final_round_metrics": {
    "mean_f1": 0.750669910105708,
    "std_f1": 0.0627323812586648,
    "mean_accuracy": 0.758,
    "std_accuracy": 0.009486832980505146,
    "mean_precision": 0.7703855968338336,
    "std_precision": 0.0063417885530901545,
    "mean_recall": 0.7392275741903699,
    "std_recall": 0.10603535824455004,
    "mean_train_loss": 0.5921397718084845,
    "std_train_loss": 0.0027994144311361715,
    "mean_fairness_disparity_disability": 0.0,
    "std_fairness_disparity_disability": 0.0,
    "n_clients": 4,
    "per_node": {
      "saudi_arabia": {
        "accuracy": 0.762,
        "precision": 0.7748,
        "recall": 0.788,
        "f1": 0.7813,
        "min_group_f1": 0.0,
        "fairness_disparity_disability": 0.0,
        "train_loss": 0.5935
      },
      "united_states": {
        "accuracy": 0.756,
        "precision": 0.7707,
        "recall": 0.8058,
        "f1": 0.7879,
        "min_group_f1": 0.0,
        "fairness_disparity_disability": 0.0,
        "train_loss": 0.5877
      },
      "china": {
        "accuracy": 0.744,
        "precision": 0.7761,
        "recall": 0.8071,
        "f1": 0.7913,
        "min_group_f1": 0.0,
        "fairness_disparity_disability": 0.0,
        "train_loss": 0.5921
      },
      "europe": {
        "accuracy": 0.77,
        "precision": 0.7599,
        "recall": 0.556,
        "f1": 0.6422,
        "min_group_f1": 0.0,
        "fairness_disparity_disability": 0.0,
        "train_loss": 0.5953
      }
    },
    "round": 2,
    "duration_seconds": 96.07
  },
  "best_f1": 0.756858441397586,
  "best_f1_round": 1,
  "convergence_rounds": 2,
  "total_duration_seconds": 206.82
}